timeStamp,elapsed,label,responseCode,responseMessage,threadName,dataType,success,failureMessage,bytes,sentBytes,grpThreads,allThreads,URL,Latency,IdleTime,Connect
1756706926530,619,Get All Users,200,OK,Casual Visitors - Loop 5 Times 1-1,text,true,,6867,138,3,3,https://jsonplaceholder.typicode.com/users,614,0,588
1756706926703,446,Get All Users,200,OK,Casual Visitors - Loop 5 Times 1-2,text,true,,6867,138,3,3,https://jsonplaceholder.typicode.com/users,441,0,415
1756706926952,197,Get All Users,200,OK,Casual Visitors - Loop 5 Times 1-3,text,true,,6867,138,3,3,https://jsonplaceholder.typicode.com/users,192,0,166
1756706927152,20,Get All Users,200,OK,Casual Visitors - Loop 5 Times 1-3,text,true,,6867,138,3,3,https://jsonplaceholder.typicode.com/users,19,0,0
1756706927152,20,Get All Users,200,OK,Casual Visitors - Loop 5 Times 1-2,text,true,,6867,138,3,3,https://jsonplaceholder.typicode.com/users,19,0,0
1756706927152,21,Get All Users,200,OK,Casual Visitors - Loop 5 Times 1-1,text,true,,6867,138,3,3,https://jsonplaceholder.typicode.com/users,20,0,0
1756706927173,13,Get All Users,200,OK,Casual Visitors - Loop 5 Times 1-3,text,true,,6867,138,3,3,https://jsonplaceholder.typicode.com/users,13,0,0
1756706927173,13,Get All Users,200,OK,Casual Visitors - Loop 5 Times 1-2,text,true,,6867,138,3,3,https://jsonplaceholder.typicode.com/users,13,0,0
1756706927173,13,Get All Users,200,OK,Casual Visitors - Loop 5 Times 1-1,text,true,,6867,138,3,3,https://jsonplaceholder.typicode.com/users,13,0,0
1756706927186,14,Get All Users,200,OK,Casual Visitors - Loop 5 Times 1-2,text,true,,6867,138,3,3,https://jsonplaceholder.typicode.com/users,13,0,0
1756706927187,13,Get All Users,200,OK,Casual Visitors - Loop 5 Times 1-1,text,true,,6867,138,3,3,https://jsonplaceholder.typicode.com/users,12,0,0
1756706927186,14,Get All Users,200,OK,Casual Visitors - Loop 5 Times 1-3,text,true,,6867,138,3,3,https://jsonplaceholder.typicode.com/users,13,0,0
1756706927200,13,Get All Users,200,OK,Casual Visitors - Loop 5 Times 1-2,text,true,,6867,138,4,4,https://jsonplaceholder.typicode.com/users,13,0,0
1756706927200,13,Get All Users,200,OK,Casual Visitors - Loop 5 Times 1-3,text,true,,6867,138,4,4,https://jsonplaceholder.typicode.com/users,13,0,0
1756706927200,16,Get All Users,200,OK,Casual Visitors - Loop 5 Times 1-1,text,true,,6867,138,2,2,https://jsonplaceholder.typicode.com/users,15,0,0
1756706927203,39,Get All Users,200,OK,Casual Visitors - Loop 5 Times 1-4,text,true,,6867,138,1,1,https://jsonplaceholder.typicode.com/users,39,0,25
1756706927243,14,Get All Users,200,OK,Casual Visitors - Loop 5 Times 1-4,text,true,,6867,138,1,1,https://jsonplaceholder.typicode.com/users,13,0,0
1756706927257,13,Get All Users,200,OK,Casual Visitors - Loop 5 Times 1-4,text,true,,6867,138,1,1,https://jsonplaceholder.typicode.com/users,13,0,0
1756706927270,14,Get All Users,200,OK,Casual Visitors - Loop 5 Times 1-4,text,true,,6867,138,1,1,https://jsonplaceholder.typicode.com/users,14,0,0
1756706927284,13,Get All Users,200,OK,Casual Visitors - Loop 5 Times 1-4,text,true,,6867,138,1,1,https://jsonplaceholder.typicode.com/users,13,0,0
1756706927454,87,Get All Users,200,OK,Casual Visitors - Loop 5 Times 1-5,text,true,,6867,138,1,1,https://jsonplaceholder.typicode.com/users,86,0,33
1756706927541,13,Get All Users,200,OK,Casual Visitors - Loop 5 Times 1-5,text,true,,6867,138,1,1,https://jsonplaceholder.typicode.com/users,13,0,0
1756706927555,14,Get All Users,200,OK,Casual Visitors - Loop 5 Times 1-5,text,true,,6867,138,1,1,https://jsonplaceholder.typicode.com/users,14,0,0
1756706927570,13,Get All Users,200,OK,Casual Visitors - Loop 5 Times 1-5,text,true,,6867,138,1,1,https://jsonplaceholder.typicode.com/users,13,0,0
1756706927583,14,Get All Users,200,OK,Casual Visitors - Loop 5 Times 1-5,text,true,,6867,138,1,1,https://jsonplaceholder.typicode.com/users,14,0,0
1756706927704,47,Get All Users,200,OK,Casual Visitors - Loop 5 Times 1-6,text,true,,6867,138,1,1,https://jsonplaceholder.typicode.com/users,46,0,32
1756706927751,15,Get All Users,200,OK,Casual Visitors - Loop 5 Times 1-6,text,true,,6867,138,1,1,https://jsonplaceholder.typicode.com/users,15,0,0
1756706927767,14,Get All Users,200,OK,Casual Visitors - Loop 5 Times 1-6,text,true,,6867,138,1,1,https://jsonplaceholder.typicode.com/users,14,0,0
1756706927781,14,Get All Users,200,OK,Casual Visitors - Loop 5 Times 1-6,text,true,,6867,138,1,1,https://jsonplaceholder.typicode.com/users,14,0,0
1756706927796,12,Get All Users,200,OK,Casual Visitors - Loop 5 Times 1-6,text,true,,6867,138,1,1,https://jsonplaceholder.typicode.com/users,12,0,0
1756706927951,44,Get All Users,200,OK,Casual Visitors - Loop 5 Times 1-7,text,true,,6867,138,1,1,https://jsonplaceholder.typicode.com/users,43,0,30
1756706927995,13,Get All Users,200,OK,Casual Visitors - Loop 5 Times 1-7,text,true,,6867,138,1,1,https://jsonplaceholder.typicode.com/users,13,0,0
1756706928008,14,Get All Users,200,OK,Casual Visitors - Loop 5 Times 1-7,text,true,,6867,138,1,1,https://jsonplaceholder.typicode.com/users,13,0,0
1756706928022,13,Get All Users,200,OK,Casual Visitors - Loop 5 Times 1-7,text,true,,6867,138,1,1,https://jsonplaceholder.typicode.com/users,13,0,0
1756706928036,12,Get All Users,200,OK,Casual Visitors - Loop 5 Times 1-7,text,true,,6867,138,1,1,https://jsonplaceholder.typicode.com/users,12,0,0
1756706928201,42,Get All Users,200,OK,Casual Visitors - Loop 5 Times 1-8,text,true,,6867,138,1,1,https://jsonplaceholder.typicode.com/users,41,0,25
1756706928243,14,Get All Users,200,OK,Casual Visitors - Loop 5 Times 1-8,text,true,,6867,138,1,1,https://jsonplaceholder.typicode.com/users,14,0,0
1756706928258,13,Get All Users,200,OK,Casual Visitors - Loop 5 Times 1-8,text,true,,6867,138,1,1,https://jsonplaceholder.typicode.com/users,12,0,0
1756706928271,13,Get All Users,200,OK,Casual Visitors - Loop 5 Times 1-8,text,true,,6867,138,1,1,https://jsonplaceholder.typicode.com/users,13,0,0
1756706928285,13,Get All Users,200,OK,Casual Visitors - Loop 5 Times 1-8,text,true,,6867,138,1,1,https://jsonplaceholder.typicode.com/users,12,0,0
1756706928457,55,Get All Users,200,OK,Casual Visitors - Loop 5 Times 1-9,text,true,,6867,138,1,1,https://jsonplaceholder.typicode.com/users,55,0,40
1756706928513,12,Get All Users,200,OK,Casual Visitors - Loop 5 Times 1-9,text,true,,6867,138,1,1,https://jsonplaceholder.typicode.com/users,12,0,0
1756706928526,13,Get All Users,200,OK,Casual Visitors - Loop 5 Times 1-9,text,true,,6867,138,1,1,https://jsonplaceholder.typicode.com/users,13,0,0
1756706928540,14,Get All Users,200,OK,Casual Visitors - Loop 5 Times 1-9,text,true,,6867,138,1,1,https://jsonplaceholder.typicode.com/users,13,0,0
1756706928554,13,Get All Users,200,OK,Casual Visitors - Loop 5 Times 1-9,text,true,,6867,138,1,1,https://jsonplaceholder.typicode.com/users,13,0,0
1756706928706,43,Get All Users,200,OK,Casual Visitors - Loop 5 Times 1-10,text,true,,6867,138,1,1,https://jsonplaceholder.typicode.com/users,43,0,29
1756706928750,14,Get All Users,200,OK,Casual Visitors - Loop 5 Times 1-10,text,true,,6867,138,1,1,https://jsonplaceholder.typicode.com/users,13,0,0
1756706928764,13,Get All Users,200,OK,Casual Visitors - Loop 5 Times 1-10,text,true,,6867,138,1,1,https://jsonplaceholder.typicode.com/users,13,0,0
1756706928777,13,Get All Users,200,OK,Casual Visitors - Loop 5 Times 1-10,text,true,,6867,138,1,1,https://jsonplaceholder.typicode.com/users,13,0,0
1756706928790,15,Get All Users,200,OK,Casual Visitors - Loop 5 Times 1-10,text,true,,6867,138,1,1,https://jsonplaceholder.typicode.com/users,14,0,0
1756706928952,44,Get All Users,200,OK,Casual Visitors - Loop 5 Times 1-11,text,true,,6867,138,1,1,https://jsonplaceholder.typicode.com/users,44,0,30
1756706928996,14,Get All Users,200,OK,Casual Visitors - Loop 5 Times 1-11,text,true,,6867,138,1,1,https://jsonplaceholder.typicode.com/users,14,0,0
1756706929010,13,Get All Users,200,OK,Casual Visitors - Loop 5 Times 1-11,text,true,,6867,138,1,1,https://jsonplaceholder.typicode.com/users,13,0,0
1756706929023,13,Get All Users,200,OK,Casual Visitors - Loop 5 Times 1-11,text,true,,6867,138,1,1,https://jsonplaceholder.typicode.com/users,13,0,0
1756706929036,13,Get All Users,200,OK,Casual Visitors - Loop 5 Times 1-11,text,true,,6867,138,1,1,https://jsonplaceholder.typicode.com/users,13,0,0
1756706929200,46,Get All Users,200,OK,Casual Visitors - Loop 5 Times 1-12,text,true,,6867,138,1,1,https://jsonplaceholder.typicode.com/users,45,0,31
1756706929246,14,Get All Users,200,OK,Casual Visitors - Loop 5 Times 1-12,text,true,,6867,138,1,1,https://jsonplaceholder.typicode.com/users,14,0,0
1756706929263,14,Get All Users,200,OK,Casual Visitors - Loop 5 Times 1-12,text,true,,6867,138,1,1,https://jsonplaceholder.typicode.com/users,14,0,0
1756706929278,13,Get All Users,200,OK,Casual Visitors - Loop 5 Times 1-12,text,true,,6867,138,1,1,https://jsonplaceholder.typicode.com/users,13,0,0
1756706929291,14,Get All Users,200,OK,Casual Visitors - Loop 5 Times 1-12,text,true,,6867,138,1,1,https://jsonplaceholder.typicode.com/users,14,0,0
1756706929450,44,Get All Users,200,OK,Casual Visitors - Loop 5 Times 1-13,text,true,,6867,138,1,1,https://jsonplaceholder.typicode.com/users,44,0,30
1756706929494,13,Get All Users,200,OK,Casual Visitors - Loop 5 Times 1-13,text,true,,6867,138,1,1,https://jsonplaceholder.typicode.com/users,12,0,0
1756706929507,13,Get All Users,200,OK,Casual Visitors - Loop 5 Times 1-13,text,true,,6867,138,1,1,https://jsonplaceholder.typicode.com/users,13,0,0
1756706929520,14,Get All Users,200,OK,Casual Visitors - Loop 5 Times 1-13,text,true,,6867,138,1,1,https://jsonplaceholder.typicode.com/users,14,0,0
1756706929534,14,Get All Users,200,OK,Casual Visitors - Loop 5 Times 1-13,text,true,,6867,138,1,1,https://jsonplaceholder.typicode.com/users,14,0,0
1756706929702,39,Get All Users,200,OK,Casual Visitors - Loop 5 Times 1-14,text,true,,6867,138,1,1,https://jsonplaceholder.typicode.com/users,39,0,24
1756706929742,13,Get All Users,200,OK,Casual Visitors - Loop 5 Times 1-14,text,true,,6867,138,1,1,https://jsonplaceholder.typicode.com/users,13,0,0
1756706929755,13,Get All Users,200,OK,Casual Visitors - Loop 5 Times 1-14,text,true,,6867,138,1,1,https://jsonplaceholder.typicode.com/users,13,0,0
1756706929769,13,Get All Users,200,OK,Casual Visitors - Loop 5 Times 1-14,text,true,,6867,138,1,1,https://jsonplaceholder.typicode.com/users,13,0,0
1756706929782,14,Get All Users,200,OK,Casual Visitors - Loop 5 Times 1-14,text,true,,6867,138,1,1,https://jsonplaceholder.typicode.com/users,14,0,0
1756706929952,37,Get All Users,200,OK,Casual Visitors - Loop 5 Times 1-15,text,true,,6867,138,1,1,https://jsonplaceholder.typicode.com/users,37,0,24
1756706929990,12,Get All Users,200,OK,Casual Visitors - Loop 5 Times 1-15,text,true,,6867,138,1,1,https://jsonplaceholder.typicode.com/users,12,0,0
1756706930003,13,Get All Users,200,OK,Casual Visitors - Loop 5 Times 1-15,text,true,,6867,138,1,1,https://jsonplaceholder.typicode.com/users,13,0,0
1756706930016,13,Get All Users,200,OK,Casual Visitors - Loop 5 Times 1-15,text,true,,6867,138,1,1,https://jsonplaceholder.typicode.com/users,13,0,0
1756706930029,14,Get All Users,200,OK,Casual Visitors - Loop 5 Times 1-15,text,true,,6867,138,1,1,https://jsonplaceholder.typicode.com/users,14,0,0
1756706930202,38,Get All Users,200,OK,Casual Visitors - Loop 5 Times 1-16,text,true,,6867,138,1,1,https://jsonplaceholder.typicode.com/users,38,0,24
1756706930240,13,Get All Users,200,OK,Casual Visitors - Loop 5 Times 1-16,text,true,,6867,138,1,1,https://jsonplaceholder.typicode.com/users,13,0,0
1756706930253,14,Get All Users,200,OK,Casual Visitors - Loop 5 Times 1-16,text,true,,6867,138,1,1,https://jsonplaceholder.typicode.com/users,14,0,0
1756706930267,16,Get All Users,200,OK,Casual Visitors - Loop 5 Times 1-16,text,true,,6867,138,1,1,https://jsonplaceholder.typicode.com/users,16,0,0
1756706930284,12,Get All Users,200,OK,Casual Visitors - Loop 5 Times 1-16,text,true,,6867,138,1,1,https://jsonplaceholder.typicode.com/users,12,0,0
1756706930450,38,Get All Users,200,OK,Casual Visitors - Loop 5 Times 1-17,text,true,,6867,138,1,1,https://jsonplaceholder.typicode.com/users,38,0,24
1756706930489,13,Get All Users,200,OK,Casual Visitors - Loop 5 Times 1-17,text,true,,6867,138,1,1,https://jsonplaceholder.typicode.com/users,13,0,0
1756706930502,13,Get All Users,200,OK,Casual Visitors - Loop 5 Times 1-17,text,true,,6867,138,1,1,https://jsonplaceholder.typicode.com/users,13,0,0
1756706930515,13,Get All Users,200,OK,Casual Visitors - Loop 5 Times 1-17,text,true,,6867,138,1,1,https://jsonplaceholder.typicode.com/users,13,0,0
1756706930528,15,Get All Users,200,OK,Casual Visitors - Loop 5 Times 1-17,text,true,,6867,138,1,1,https://jsonplaceholder.typicode.com/users,15,0,0
1756706930699,39,Get All Users,200,OK,Casual Visitors - Loop 5 Times 1-18,text,true,,6867,138,1,1,https://jsonplaceholder.typicode.com/users,38,0,24
1756706930738,13,Get All Users,200,OK,Casual Visitors - Loop 5 Times 1-18,text,true,,6867,138,1,1,https://jsonplaceholder.typicode.com/users,13,0,0
1756706930751,14,Get All Users,200,OK,Casual Visitors - Loop 5 Times 1-18,text,true,,6867,138,1,1,https://jsonplaceholder.typicode.com/users,13,0,0
1756706930765,14,Get All Users,200,OK,Casual Visitors - Loop 5 Times 1-18,text,true,,6867,138,1,1,https://jsonplaceholder.typicode.com/users,14,0,0
1756706930779,13,Get All Users,200,OK,Casual Visitors - Loop 5 Times 1-18,text,true,,6867,138,1,1,https://jsonplaceholder.typicode.com/users,13,0,0
1756706930950,40,Get All Users,200,OK,Casual Visitors - Loop 5 Times 1-19,text,true,,6867,138,1,1,https://jsonplaceholder.typicode.com/users,39,0,24
1756706930990,13,Get All Users,200,OK,Casual Visitors - Loop 5 Times 1-19,text,true,,6867,138,1,1,https://jsonplaceholder.typicode.com/users,12,0,0
1756706931003,12,Get All Users,200,OK,Casual Visitors - Loop 5 Times 1-19,text,true,,6867,138,1,1,https://jsonplaceholder.typicode.com/users,12,0,0
1756706931016,12,Get All Users,200,OK,Casual Visitors - Loop 5 Times 1-19,text,true,,6867,138,1,1,https://jsonplaceholder.typicode.com/users,12,0,0
1756706931029,13,Get All Users,200,OK,Casual Visitors - Loop 5 Times 1-19,text,true,,6867,138,1,1,https://jsonplaceholder.typicode.com/users,12,0,0
1756706931201,39,Get All Users,200,OK,Casual Visitors - Loop 5 Times 1-20,text,true,,6867,138,1,1,https://jsonplaceholder.typicode.com/users,39,0,23
1756706931241,14,Get All Users,200,OK,Casual Visitors - Loop 5 Times 1-20,text,true,,6867,138,1,1,https://jsonplaceholder.typicode.com/users,14,0,0
1756706931255,14,Get All Users,200,OK,Casual Visitors - Loop 5 Times 1-20,text,true,,6867,138,1,1,https://jsonplaceholder.typicode.com/users,14,0,0
1756706931269,13,Get All Users,200,OK,Casual Visitors - Loop 5 Times 1-20,text,true,,6867,138,1,1,https://jsonplaceholder.typicode.com/users,13,0,0
1756706931283,14,Get All Users,200,OK,Casual Visitors - Loop 5 Times 1-20,text,true,,6867,138,1,1,https://jsonplaceholder.typicode.com/users,13,0,0
